{
  "name": "DHT20",
  "keywords": "Temperature, Humidity, DHT20, I2C",
  "description": "Arduino library for I2C DHT20 temperature and humidity sensor. ",
  "authors":
  [
    {
      "name": "Rob Tillaart",
      "email": "Rob.Tillaart@gmail.com",
      "maintainer": true
    }
  ],
  "repository":
  {
    "type": "git",
    "url": "https://github.com/RobTillaart/DHT20.git"
  },
  "version": "0.2.3",
  "license": "MIT",
  "frameworks": "arduino",
  "platforms": "*",
  "headers": "DHT20.h"
}
